,title,director
100,3 Idiots,Rajkumar Hirani
101,3 Seconds Divorce,Shazia Javed
102,3 Türken & ein Baby,Sinan Akkuş
103,30 Days of Luxury,Hani Hamdi
104,30 Minutes or Less,Ruben Fleischer
105,300 Miles to Heaven,Maciej Dejczer
106,365 Days,"Barbara Białowąs, Tomasz Mandes"
107,37 Seconds,Hikari
108,3Below: Tales of Arcadia,
109,40 Sticks,Victor Gatonye
110,42 Grams,Jack C. Newell
111,44 Cats,
112,45 rpm,
113,48 Christmas Wishes,"Marco Deufemia, Justin G. Dyck"
114,4L,Gerardo Olivares
115,4th Man Out,Andrew Nackman
116,4th Republic,Ishaya Bako
117,5 Cowok Jagoan,Anggy Umbara
118,5 Flights Up,Richard Loncraine
119,5 Star Christmas,Marco Risi
120,5 to 7,Victor Levin
121,50 First Dates,Peter Segal
122,50/50,Jonathan Levine
123,5CM,Rizal Mantovani
124,5Gang,Matei Dima
125,6 Balloons,Marja Lewis Ryan
126,6 Days,Toa Fraser
127,6 Underground,Michael Bay
128,6 Years,Hannah Fidell
129,6-5=2,Bharat Jain
130,60 Days In,
131,68 Kill,Trent Haaga
132,7 (Seven),Nizar Shafi
133,7 años,Roger Gual
134,7 Days Out,
135,7 Din Mohabbat In,"Meenu Gaur, Farjad Nabi"
136,7 Khoon Maaf,Vishal Bhardwaj
137,72 Cutest Animals,
138,72 Dangerous Animals: Asia,
139,72 Dangerous Animals: Latin America,
140,72 Dangerous Places to Live,
141,7SEEDS,
142,9 Months That Made You,
143,90 ML,Anita Udeep
144,93 Days,Steve Gukas
145,A 2nd Chance,Clay Glen
146,A 3 Minute Hug,Everardo González
147,A Babysitter's Guide to Monster Hunting,Rachel Talalay
148,A Bad Moms Christmas,"Jon Lucas, Scott Moore"
149,A Beautiful Life,Andrew Lau Wai-Keung
150,A Billion Colour Story,Padmakumar Narasimhamurthy
151,A Boy Called Po,John Asher
152,A Boy Name Flora A,
153,A Bridge Too Far,Richard Attenborough
154,A California Christmas,Shaun Paul Piccinino
155,A Champion Heart,David de Vos
156,A Chaster Marriage,Umut Kirca
157,A Choo,"Kevin Ko, Peter Tsi"
158,A Christmas Catch,
159,A Christmas Prince,Alex Zamm
160,A Christmas Prince: The Royal Baby,John Schultz
161,A Christmas Prince: The Royal Wedding,John Schultz
162,A Christmas Special: Miraculous: Tales of Ladybug & Cat Noir,Thomas Astruc
163,A Cinderella Story,Mark Rosman
164,A Cinderella Story: Christmas Wish,Michelle Johnston
165,A Clockwork Orange,Stanley Kubrick
166,A Dangerous Woman,Stephen Gyllenhaal
167,A Fairly Odd Summer,Savage Steve Holland
168,A Fall from Grace,Tyler Perry
169,A Family Affair,Tom Fassaert
170,A Family Man,Mark Williams
171,A Family Reunion Christmas,Robbie Countryman
172,A Flying Jatt,Remo D'Souza
173,A Fortunate Man,Bille August
174,A Futile and Stupid Gesture,David Wain
175,A Ghost Story,David Lowery
176,A Glimpse Inside the Mind of Charles Swan III,Roman Coppola
177,A Go! Go! Cory Carson Christmas,"Stanley Moore, Alex Woo"
178,A Go! Go! Cory Carson Halloween,"Alex Woo, Stanley Moore"
179,A Go! Go! Cory Carson Summer Camp,"Stanley Moore, Alex Woo"
180,A Good Wife,
181,A Grand Night In: The Story of Aardman,Richard Mears
182,A Gray State,Erik Nelson
183,A Haunted House,Michael Tiddes
184,A Haunting at Silver Falls: The Return,Teo Konuralp
185,A Heavy Heart,Thomas Stuber
186,A Holiday Engagement,Jim Fall
187,A Home with A View,Herman Yau
188,A House of Blocks,
189,A Kid from Coney Island,"Coodie, Chike"
190,A Kind of Murder,Andy Goddard
191,A Korean Odyssey,
192,A Land Imagined,Yeo Siew Hua
193,A Leaf of Faith,Chris Bell
194,A Life of Speed: The Juan Manuel Fangio Story,Francisco Macri
195,A Lion in the House,"Steven Bognar, Julia Reichert"
196,A Little Chaos,Alan Rickman
197,A Little Help with Carol Burnett,
198,A Little Thing Called First Love,
199,A Love So Beautiful,
200,A Love Song for Latasha,Sophia Nahli Allison
201,A Love Story,Maryo J. De los Reyes
202,A Man Called God,
203,A Mighty Team,Thomas Sorriaux
204,A Mission in an Old Movie,Ahmad El-Badri
205,A Monster Calls,J.A. Bayona
206,A Most Violent Year,J.C. Chandor
207,A Murder in the Park,"Christopher S. Rech, Brandon Kimber"
208,A new Capitalism,
209,A New York Christmas Wedding,Otoja Abit
210,A Night at the Roxbury,John Fortenberry
211,A Noble Intention,Joram Lürsen
212,A Patch of Fog,Michael Lennox
213,A Perfect Crime,
214,A Perfect Ending,Nicole Conn
215,A Perfect Man,Kees Van Oostrum
216,A Plastic Ocean,
217,A Princess for Christmas,Michael Damian
218,A Queen Is Born,Carla Barros
219,A Remarkable Tale,Marina Seresesky
220,A Russell Peters Christmas,Henry Sarwer-Foner
221,A Scandall,Ishaan Trivedi
222,A Second Chance,Cathy Garcia-Molina
223,A Secret Love,Chris Bolan
224,A Separation,Asghar Farhadi
225,A Series of Unfortunate Events,
226,A Serious Man,"Ethan Coen, Joel Coen"
227,A Shaun the Sheep Movie: Farmageddon,"Richard Phelan, Will Becher"
228,A Silent Voice,Naoko Yamada
229,A Single Man,Tom Ford
230,A Sort of Family,Diego Lerman
231,A Sort of Homecoming,Maria Burton
232,A Stoning in Fulham County,Larry Elikann
233,A StoryBots Christmas,"Evan Spiridellis, Jeff Gill"
234,A Sun,Chung Mong-hong
235,A Taiwanese Tale of Two Cities,
236,A Tale of Love and Darkness,Natalie Portman
237,A Tale of Two Kitchens,Trisha Ziff
238,A Thin Line Between Love & Hate,Martin Lawrence
239,A Thousand Goodnights,
240,A Thousand Words,Brian Robbins
241,A Touch of Green,
242,A Trash Truck Christmas,Eddie Rosas
243,A Trip to Jamaica,Robert O. Peters
244,A truthful Mother,Ravishankar Venkateswaran
245,A Twelve Year Night,Álvaro Brechner
246,A Very Country Christmas,Justin G. Dyck
247,A Very Murray Christmas,Sofia Coppola
248,A Very Secret Service,
249,A Very Special Love,Cathy Garcia-Molina
250,A Walk to Remember,Adam Shankman
251,A Wednesday,Neeraj Pandey
252,A Week in Watts,Gregory Caruso
253,A Whisker Away,"Junichi Sato, Tomotaka Shibayama"
254,A Witches' Ball,Justin G. Dyck
255,A Wrinkle in Time,Ava DuVernay
256,A Year In Space,
257,A Yellow Bird,K. Rajagopal
258,A Young Doctor's Notebook and Other Stories,
259,A.D. Kingdom and Empire,
260,A.I.C.O.,Kazuya Murata
261,A.M.I.,Rusty Nixon
262,A.X.L.,Oliver Daly
263,Aşk Tesadüfleri Sever,Ömer Faruk Sorak
264,Aadu 2,Midhun Manuel Thomas
265,Aagey Se Right,Indrajit Nattoji
266,Aajcha Divas Majha,Chandrakant Kulkarni
267,Aakhri Adaalat,Rajiv Mehra
268,Aalorukkam,V C Abhilash
269,Aamir,Raj Kumar Gupta
270,Aapla Manus,Satish Rajwade
271,Aarakshan,Prakash Jha
272,Aashayein,Nagesh Kukunoor
273,Aashik Awara,Umesh Mehra
274,Aata Pita,Uttung Shelar
275,Aaviri,Ravi Babu
276,Abby Hatcher,Kyran Kelly
277,Abby Sen,Atanu Ghosh
278,ABCD 2,Remo D'Souza
279,ABCD: Any Body Can Dance,Remo D'Souza
280,Abdo Mota,
281,Abducted in Plain Sight,Skye Borgman
282,"Abdullah, The Final Witness",Hashim Nadeem Khan
283,Abhinetri,A. L. Vijay
284,Abnormal Summit,"Jung-ah Im, Seung-uk Jo"
285,Abominable Christmas,Chad Van De Keere
286,About a Boy,"Chris Weitz, Paul Weitz"
287,About Time,Richard Curtis
288,Abstract: The Art of Design,
289,Absurd Planet,
290,Abyss,
291,Abzurdah,Daniela Goggi
292,Acapulco La vida va,Alfonso Serrano Maturino
293,Accident,Cheang Pou Soi
294,Accidentally in Love,
295,Across Grace Alley,Ralph Macchio
296,Across The Line,Julien Christian Lutz
297,Across the Universe,Julie Taymor
298,Act of Valor,"Mike McCoy, Scott Waugh"
299,Act of Vengeance,Mahsun Kırmızıgül
300,Action Replayy,Vipul Amrutlal Shah
301,Acts of Vengeance,Isaac Florentine
302,Acts of Violence,Brett Donowho
303,Ad Vitam,
304,Adú,Salvador Calvo
305,Adam Devine: Best Time of Our Lives,Jay Karas
306,Adam Ruins Everything,
307,ADAM SANDLER 100% FRESH,Steve Brill
308,Adam: His Song Continues,Robert Markowitz
309,Addicted to Life,Thierry Donard
310,Adel Karam: Live from Beirut,
311,Adhugo,
312,Aditi Mittal: Things They Wouldn't Let Me Say,Fazila Allana
313,Adore,Anne Fontaine
314,Adrift,Baltasar Kormákur
315,Adrishya,Sandeep Chatterjee
316,Advantageous,Jennifer Phang
317,Adventures in Public School,Kyle Rideout
318,Aerials,S.A. Zaidi
319,Afflicted,
320,Afonso Padilha: Classless,"Junior Carelli, Rudge Campos"
321,Africa,
322,Afronta! Facing It!,Juliana Vicente
323,After,Jenny Gage
324,After Life,
325,After Maria,Nadia Hallgren
326,After Porn Ends,Bryce Wagoner
327,After Porn Ends 3,Brittany Andrews
328,After the Raid,Rodrigo Reyes
329,After We Collided,Roger Kumble
330,Aftermath,Elliott Lester
331,Afterschool,Antonio Campos
332,Aftershock,Nicolás López
333,Against the Tide,
334,Agatha and the Truth of Murder,Terry Loane
335,Age Gap Love,
336,Age of Glory,
337,Age of Rebellion,Peter Ho
338,Age of Tanks,
339,Agent,
340,Agent Raghav,
341,Aggretsuko,
342,Aggretsuko: We Wish You a Metal Christmas,Rarecho
343,Agneepath,Mukul Anand
344,Agustín Aristarán: Soy Rada,Mariano Baez
345,Agyaat,Ram Gopal Varma
346,Ahista Ahista,Shivam Nair
347,Ai Weiwei: Never Sorry,Alison Klayman
348,Ainori Love Wagon: African Journey,
349,Ainori Love Wagon: Asian Journey,
350,Ainsley Eats the Streets,
351,Ainu Mosir,Takeshi Fukunaga
352,Airplane Mode,César Rodrigues
353,Aisa Yeh Jahaan,Biswajeet Bora
354,Aitraaz,"Abbas Alibhai Burmawalla, Mastan Alibhai Burmawalla"
355,Aiyaary,Neeraj Pandey
356,Aiyyaa,Sachin Kundalkar
357,AJ and the Queen,
358,Ajab Prem Ki Ghazab Kahani,Rajkumar Santoshi
359,Ajaibnya Cinta,
360,AJIN: Demi-Human,
361,Ajji,Devashish Makhija
362,AK vs AK,Vikramaditya Motwane
363,Akame ga Kill!,
364,Akbar Birbal,
365,Akulah Balqis,Pali Yahya
366,Al acecho,Francisco D'Eufemia
367,Al Hayba,
368,Ala Vaikunthapurramuloo,Trivikram Srinivas
369,Alakada Reloaded,Toyin Abraham
370,Alan Saldaña: Mi vida de pobre,"Raúl Campos, Jan Suter"
371,Alarmoty in the Land of Fire,
372,Alaska Is a Drag,Shaz Bennett
373,Albert Pinto Ko Gussa Kyun Aata Hai?,Soumitra Ranade
374,Albion: The Enchanted Stallion,Castille Landon
375,Alejandro Riaño: Especial de stand up,
376,Alejandro Sanz: What I Was Is What I Am,"Gervasio Iglesias, Alexis Morante"
377,Alelí,Leticia Jorge Romero
378,Alex Fernández: The Best Comedian in the World,Alex Díaz
379,Alex Strangelove,Craig Johnson
380,Alexa & Katie,
381,Alexandria ... Why?,Youssef Chahine
382,Alexandria: Again and Forever,Youssef Chahine
383,Alexis Viera: A Story of Surviving,Luis Ara
384,Ali & Alia,Hussein El Ansary
385,Ali Baba ve 7 Cüceler,Cem Yılmaz
386,Ali Wong: Baby Cobra,Jay Karas
387,Ali Wong: Hard Knock Wife,Jay Karas
388,Ali's Wedding,Jeffrey Walker
389,Alias Grace,
390,"Alias JJ, la celebridad del mal",
391,Alibaba Aur 40 Chor,"Latif Faiziyev, Umesh Mehra"
392,Alice Doesn't Live Here Anymore,Martin Scorsese
393,Alice in Borderland,
394,Alice Junior,Gil Baroni
395,Alien Contact: Outer Space,J. Michael Long
396,Alien TV,
397,Alien Warfare,Jeremiah Jones
398,Alien Worlds,
399,Alien Xmas,Stephen Chiodo
400,Aliens Ate My Homework,Sean McNamara
401,Alive and Kicking,Susan Glatzer
402,All About Love,Adze Ugah
403,All About Nina,Eva Vives
404,All About the Washingtons,
405,All American,
406,All Because of You,Adrian Teh
407,All Day and a Night,Joe Robert Cole
408,All Dogs Go to Heaven,"Don Bluth, Gary Goldman, Dan Kuenster"
409,All For Love,
410,All Good Ones Get Away,Víctor García
411,All Hail King Julien,
412,All Hail King Julien: Exiled,
413,All Hallows' Eve,Charlie Vaughn
414,All In My Family,Hao Wu
415,All Light Will End,Chris Blake
416,All of You,Dan Villegas
417,All the Boys Love Mandy Lane,Jonathan Levine
418,All The Bright Places,Brett Haley
419,All the Devil's Men,Matthew Hope
420,All the Freckles in the World,Yibrán Asuad
421,All The Reasons To Forget,Pedro Coutinho
422,All Together Now,Brett Haley
423,"All's Well, End's Well (2009)",Vincent Kok
424,Alles ist gut,Eva Trobisch
425,AllI Wish,Susan Walter
426,Almost Happy,Hernán Guerschuny
427,Almost Love,Mike Doyle
428,Alone,
429,Alone in Berlin,Vincent Perez
430,Alone/Together,Antoinette Jadaone
431,Along Came a Spider,Lee Tamahori
432,Alpha and Omega 2: A Howl-iday Adventure,Richard Rich
433,Alpha and Omega: The Legend of the Saw Tooth Cave,Richard Rich
434,Alphablocks,
435,AlphaGo,Greg Kohs
436,Alt-Right: Age of Rage,Adam Bhala Lough
437,Altered Carbon,
438,Altered Carbon: Resleeved,"Takeru Nakajima, Yoshiyuki Okada"
439,Always a Bridesmaid,Trey Haley
440,Always a Witch,
441,Always Be My Maybe,Dan Villegas
442,Amanda Knox,"Rod Blackhurst, Brian McGinn"
443,Amandla! A Revolution in Four Part Harmony,Lee Hirsch
444,Amar,Esteban Crespo
445,Amar Akbar & Tony,Atul Malhotra
446,Amar Akbar Anthony,Manmohan Desai
447,Amar's Hands,Khaled Youssef
448,Amateur,Ryan Koo
449,Amazing Interiors,
450,Amelia: A Tale of Two Sisters,Edward Cotterill
451,America's Book of Secrets,
452,America's Next Top Model,
453,American Anarchist,Charlie Siskel
454,American Assassin,Michael Cuesta
455,American Beauty,Sam Mendes
456,American Circumcision,Brendon Marotta
457,American Crime,
458,American Crime Story: The People v. O.J. Simpson,
459,American Experience: Ruby Ridge,Barak Goodman
460,American Experience: The Circus,Sharon Grimberg
461,American Experience: The Island Murder,Mark Zwonitzer
462,American Factory,"Steven Bognar, Julia Reichert"
463,American Factory: A Conversation with the Obamas,
464,American Hangman,Wilson Coneybeare
465,American Heist,Sarik Andreasyan
466,American History X,Tony Kaye
467,American Honey,Andrea Arnold
468,American Horror Story,
469,American Masters: Ted Williams,Nick Davis
470,American Murder: The Family Next Door,Jenny Popplewell
471,American Odyssey,
472,American Pie 9: Girls' Rules,Mike Elliott
473,American Psycho,Mary Harron
474,American Son,Kenny Leon
475,American Vandal,
476,American Warfighter,Jerry G. Angelo
477,Amit Tandon: Family Tandoncies,
478,AMO,
479,Among Family,Ozan Açıktan
480,Amrapali,Lekh Tandon
481,Amy,Asif Kapadia
482,Amy Schumer Growing,Amy Schumer
483,Amy Schumer: The Leather Special,Amy Schumer
484,An American in Madras,Karan Bali
485,An American Tail,Don Bluth
486,An American Tail: Fievel Goes West,"Phil Nibbelink, Simon Wells"
487,An American Tail: The Mystery of the Night Monster,Larry Latham
488,An American Tail: The Treasures of Manhattan Island,Larry Latham
489,An Easy Girl,Rebecca Zlotowski
490,An Egyptian Story,Youssef Chahine
491,An Evening with Beverly Luff Linn,Jim Hosking
492,An Hour and a Half,Wael Ehsan
493,An Imperfect Murder,James Toback
494,An Innocent Mistake,
495,An Interview with God,Perry Lang
496,An Ordinary Man,Brad Silberling
497,An Unremarkable Christmas,Juan Camilo Pinzon
498,An Upper Egyptian,"Ismail Farouk, Hazem Fouda"
499,Ana e Vitória,Matheus Souza
500,Anaamika,Sekhar Kammula
501,Anarkali of Aarah,Avinash Das
502,Anchor and Hope,Carlos Marques-Marcet
503,Anchor Baby,Lonzo Nzekwe
504,Ancient Aliens,
505,And Breathe Normally,Ísold Uggadóttir
506,Andaleeb El Dokki,Wael Ehsan
507,Andaz Apna Apna,Rajkumar Santoshi
508,Andhadhun,Sriram Raghavan
509,Andhaghaaram,V Vignarajan
510,Andhakaaram,V Vignarajan
511,André & his olive tree,Josiah Ng
512,Anelka: Misunderstood,Franck Nataf
513,Anesthesia,Tim Blake Nelson
514,Angamaly Diaries,Lijo Jose Pellissery
515,Angel 'N' Devil,
516,Angel Beats!,
517,Angel Eyes,Luis Mandoki
518,Angel Has Fallen,Ric Roman Waugh
519,Angela's Christmas,Damien O’Connor
520,Angela's Christmas Wish,Damien O’Connor
521,Angels & Demons,Ron Howard
522,Anger Management,Peter Segal
523,Angry Birds,
524,Angry Indian Goddesses,Pan Nalin
525,Angu Vaikuntapurathu (Malayalam),Trivikram Srinivas
526,Ani... Dr. Kashinath Ghanekar,Abhijeet Deshpande
527,ANIMA,Paul Thomas Anderson
528,Animal Crackers,"Tony Bancroft, Scott Christian Sava"
529,Animal World,Han Yan
530,Animas,"Laura Alvea, José Ortuño"
531,Anitta: Made In Honório,"Andrucha Waddington, Pedro Waddington"
532,Anjaan,N. Linguswamy
533,Anjaan: Rural Myths,
534,Anjaan: Special Crimes Unit,
535,Anjelah Johnson: Not Fancy,Jay Karas
536,Ankhon Dekhi,Rajat Kapoor
537,Ankur Arora Murder Case,Sohail Tatari
538,Annabelle Hooper and the Ghosts of Nantucket,Paul Serafini
539,Anne with an E,
540,Anohana: The Flower We Saw That Day,
541,Anon,Andrew Niccol
542,Another Forever,Juan Zapata
543,Another Life,
544,Another Miss Oh,
545,Answer for Heaven,
546,Ant-Man and the Wasp,Peyton Reed
547,Antar: Son of Shadad,Sherif Ismail
548,Antariksha Ke Rakhwale,Anirban Majumder
549,Anthony Bourdain: Parts Unknown,
550,Anthony Jeselnik: Fire in the Maternity Ward,Marcus Raboy
551,Anthony Jeselnik: Thoughts and Prayers,Adam Dubin
552,Anthony Kaun Hai?,Raj Kaushal
553,Antidote,Ken Barbet
554,Antoine Griezmann: The Making of a Legend,
555,Anwar,Manish Jha
556,忍者ハットリくん,
557,Apache Warrior,"David Salzberg, Christian Tureaud"
558,Apache: The Life of Carlos Tevez,
559,Apaches,
560,Apaharan,Prakash Jha
561,APEX: The Story of the Hypercar,"J.F. Musial, Josh Vietze"
562,Apollo 18,Gonzalo López-Gallego
563,Apostle,Gareth Evans
564,April and the Extraordinary World,"Christian Desmares, Franck Ekinci"
565,Aquarius,
566,Arès,Jean-Patrick Benes
567,"Aram, Aram",Christopher Chambers
568,Arango y Sanint: Ríase el show,"Raúl Campos, Jan Suter"
569,ARASHI's Diary -Voyage-,
570,Archibald's Next Big Thing,
571,Arctic Dogs,Aaron Woodley
572,Arctic Heart,Marie Madinier
573,Are We Done Yet?,Khaled El Halafawy
574,Are You The One,
575,Ares,
576,Argon,
577,Ari Eldjárn: Pardon My Icelandic,August Jakobsson
578,Ari Shaffir: Double Negative,Eric Abrams
579,"Ariana grande: excuse me, i love you",Paul Dugdale
580,Arisan 2,Nia Dinata
581,Arjun: The Warrior Prince,Arnab Chaudhuri
582,ARQ,Tony Elliott
583,Arrested Development,
584,Arrow,James Bamford
585,Arsenio Hall: Smart & Classy,Brian Volk-Weiss
586,Arthdal Chronicles,
587,Arthur,Jason Winer
588,Arthur Christmas,Sarah Smith
589,Article 15,Anubhav Sinha
590,Aruna & Her Palate,Edwin
591,"As Above, So Below",John Erick Dowdle
592,As Good as It Gets,James L. Brooks
593,Ascharyachakit!,Samit Kakkad
594,Asees,Rana Ranbir
595,Ash vs. Evil Dead,
596,Ashes of Love,
597,Ask the Doctor,
598,Ask the StoryBots,
599,Asoka,Santosh Sivan
600,Asperger's Are Us,Alex Lehmann
601,Asphalt Burning,Hallvard Bræin
602,Assimilate,John Murlowski
603,Astronomy Club: The Sketch Show,
604,Asu Mare 2,Ricardo Maldonado
605,Asura Guru,A. Raajdheep
606,Asura: The City of Madness,Sung-soo Kim
607,At All Costs,Mike Nicoll
608,At First Light,Jason Stone
609,At the Dolphin Bay,
610,Atelier,
611,Athlete A,"Bonni Cohen, Jon Shenk"
612,Atlantics,Mati Diop
613,Atlas Shrugged: Part II,John Putch
614,ATM,Mez Tharatorn
615,Atomic Puppet,
616,Attack on Titan,
617,Attacking the Devil: Harold Evans and the Last Nazi War Crime,"David Morris, Jacqui Morris"
618,Attitude Test,"Fabrizio Copano, Augusto Matte"
619,Atypical,
620,Audrie & Daisy,"Bonni Cohen, Jon Shenk"
621,Aunty Donna's Big Ol' House of Fun,
622,Aurora,Cristi Puiu
623,Auschwitz: Blueprints of Genocide,Mike Rossiter
624,Aussie Gold Hunters,
625,Austin Powers in Goldmember,Jay Roach
626,Austin Powers: International Man of Mystery,Jay Roach
627,Austin Powers: The Spy Who Shagged Me,Jay Roach
628,Autohead,Rohit Mittal
629,Automata,Gabe Ibáñez
630,Autumn's Concerto,
631,Ava,Tate Taylor
632,Avatar: The Last Airbender,
633,Ave Maryam,Ertanto Robby Soediskam
634,Avengement,Jesse V. Johnson
635,Avengers: Infinity War,"Anthony Russo, Joe Russo"
636,Avicii: True Stories,Levan Tsikurishvili
637,Await Further Instructions,Johnny Kevorkian
638,Awake,"Aleksandr Chernyaev, Fedor Lyass"
639,Awake: The Million Dollar Game,
640,Away,
641,Away From Home,
642,Awe,Prasanth Varma
643,Axone,Nicholas Kharkongor
644,Ayana,Gangadhar Salimath
645,"Ayotzinapa, el paso de la tortuga",Enrique García Meza
646,Azali,Kwabena Gyansah
647,Azhar,Anthony D'Souza
648,Aziz Ansari Live at Madison Square Garden,Aziz Ansari
649,Aziz Ansari: Buried Alive,"Will Lovelace, Dylan Southern"
650,Aziz Ansari: RIGHT NOW,Spike Jonze
651,B: The Beginning,
652,B.A. Pass,Ajay Bahl
653,B.A. Pass 2,Shadab Khan
654,Baadshaho,Milan Luthria
655,Baaghi,Sabir Khan
656,Baahubali 2: The Conclusion (Hindi Version),S.S. Rajamouli
657,Baahubali 2: The Conclusion (Malayalam Version),S.S. Rajamouli
658,Baahubali 2: The Conclusion (Tamil Version),S.S. Rajamouli
659,Baahubali: The Beginning (English Version),S.S. Rajamouli
660,Baahubali: The Beginning (Hindi Version),S.S. Rajamouli
661,Baahubali: The Beginning (Malayalam Version),S.S. Rajamouli
662,Baahubali: The Beginning (Tamil Version),S.S. Rajamouli
663,Baazaar,Gauravv K Chawla
664,Babam ve Oğlum,Çagan Irmak
665,Babamın Ceketi,Müfit Can Saçıntı
666,Babel,Alejandro G. Iñárritu
667,Babies,
668,Baby,
669,Baby Ballroom,
670,Baby Dolls,Vijay Kumar Arora
671,Baby Mamas,Stephanie Zwane
672,Babylon Berlin,
673,Bachelor Girls,Shikha Makan
674,Back and Forth,José Eduardo Belmonte
675,Back of the Net,Louise Alston
676,Back Street Girls -GOKUDOLS-,
677,Back to 1989,
678,Back to School,"Rémy Four, Julien War"
679,Back to the 90s,Yanyong Kuruaungkoul
680,Back with the Ex,
681,Backcountry,Adam MacDonald
682,Backdraft 2,Gonzalo López-Gallego
683,Backfire,Dave Patten
684,Backtrack,Michael Petroni
685,Bad Blood,
686,Bad Boy Billionaires: India,
687,Bad Boys,Michael Bay
688,Bad Boys II,Michael Bay
689,Bad Day for the Cut,Chris Baugh
690,Bad Education,
691,Bad Genius,Nattawut Poonpiriya
692,Bad Grandpa .5,Jeff Tremaine
693,Bad Guys,
694,Bad Guys: Vile City,
695,Bad Match,David Chirchirillo
696,Bad Rap,Salima Koroma
697,Bad Seeds,Kheiron
698,Badalte Rishton Ki Dastaan,
699,Badha,"Sumitra Bhave, Sunil Sukthankar"
700,Badla,Sujoy Ghosh
701,Badland,Justin Lee
702,Baewatch: Parental Guidance,
703,BAKI,
704,Bakugan: Armored Alliance,
705,Bakugan: Battle Planet,
706,Bal Ganesh,Vijay S. Bhanushali
707,Bala Loca,
708,Balto,Simon Wells
709,Balto 2: Wolf Quest,Phil Weinstein
710,Balto 3: Wings of Change,Phil Weinstein
711,Balu Mahi,Haissam Hussain
712,Bana Masal Anlatma,Burak Aksak
713,Banana Island Ghost,BB Sasore
714,Banana Split,Ben Kasulke
715,Band Aid,Zoe Lister-Jones
716,Band of Robbers,"Aaron Nee, Adam Nee"
717,Bandie,Alo Sarkar
718,Bang Rajan 2,Tanit Jitnukul
719,Bangistan,Karan Anshuman
720,Bangkok Bachelors,
721,Bangkok Buddies,
722,Bangkok Hell,Manop Janjarasskul
723,Bangkok Love Stories: Hey You!,
724,Bangkok Love Stories: Innocence,
725,Bangkok Love Stories: Objects of Affection,
726,Bangkok Love Stories: Plead,
727,Bangkok Traffic (Love) Story,Adisorn Tresirikasem
728,Barça Dreams,Jordi Llompart
729,Barah Aana,Raja Menon
730,Barakah Meets Barakah,Mahmoud Sabbagh
731,Barbarians,
732,Barbecue,Matthew Salleh
733,Barbie & Her Sisters in a Pony Tale,Kyran Kelly
734,Barbie Dolphin Magic,Conrad Helten
735,Barbie Dreamhouse Adventures,
736,Barbie Dreamhouse Adventures: Go Team Roberts,
737,Barbie in A Mermaid Tale,Adam Wood
738,Barbie in Princess Power,Zeke Norton
739,Barbie in Rock 'N Royals,Karen J. Lloyd
740,Barbie Life in the Dreamhouse,
741,Barbie Princess Adventure,Conrad Helten
742,Barbie Star Light Adventure,"Andrew Tan, Michael Goguen"
743,Barbie: A Fairy Secret,William Lau
744,Barbie: Princess Charm School,Ezekiel Norton
745,Barbie: Spy Squad,Conrad Helten
746,Barbie: The Princess & the Popstar,Ezekiel Norton
747,Barbie: Video Game Hero,"Conrad Helten, Ezekiel Norton, Michael Goguen"
748,Barbra: The Music ... The Mem'ries ... The Magic!,"Barbra Streisand, Jim Gable"
749,Barcelona: A Love Untold,Olivia M. Lamasan
750,Bard of Blood,
751,Bareilly Ki Barfi,Ashwiny Iyer Tiwari
752,Barely Lethal,Kyle Newman
753,Barfi!,Anurag Basu
754,Barrio Universitario,Esteban Vidal
755,Barry,Vikram Gandhi
756,Barsaat,Rajkumar Santoshi
757,BASEketball,David Zucker
758,Basic Instinct,Paul Verhoeven
759,Basketball or Nothing,
760,Bat Pat,
761,Bates Motel,
762,Bathinda Express,Deep Joshi
763,Bathtubs Over Broadway,Dava Whisenant
764,Batman: The Killing Joke,Sam Liu
765,Battle,Katarina Launing
766,Battle Creek,
767,Battle Drone,Mitch Gould
768,Battlefield Recovery,
769,Battlefish,
770,Bawarchi,Hrishikesh Mukherjee
771,Baxu and the Giants,Florian Schott
772,Bayonet,Kyzza Terrazas
773,Bazaar,Sagar Sarhadi
774,Bbuddah Hoga Terra Baap,Puri Jagannadh
775,Be Here Now,Lilibet Foster
776,Be Somebody,Joshua Caldwell
777,Be with Me,
778,Be with You,
779,Be-Be-Bears,
780,Beak & Brain: Genius Birds From Down Under,"Volker Arzt, Angelika Sigl"
781,Bean: The Ultimate Disaster Movie,Mel Smith
782,Beary Tales,
783,Beast Legends,
784,BEASTARS,
785,Beasts of No Nation,Cary Joji Fukunaga
786,Beat Bugs,
787,Beat Bugs: All Together Now,Josh Wakely
788,Beating Again,
789,Beats,Chris Robinson
790,Beauties of the Night,María Jose Cuevas
791,Beauty & the Beast,
792,Beauty and the Bestie,Wenn V. Deramas
793,Beauty and the Bitches,
794,Beavis and Butt-head Do America,Mike Judge
795,Bebe's Kids,Bruce W. Smith
796,Because of Soccer,"Agasyah Karim, Khalid Kashogi"
797,Because This Is My First Life,
798,Because We're Heading Out,Khaled El Halafawy
799,Becoming,Nadia Hallgren
800,Becoming Champions,
801,Becoming Jane,Julian Jarrold
802,Bedtime Stories,Adam Shankman
803,Bee Movie,"Steve Hickner, Simon J. Smith"
804,Been So Long,Tinge Krishnan
805,Before 30,BB Sasore
806,Before I Fall,Ry Russo-Young
807,Before I Wake,Mike Flanagan
808,Before the Flood,Fisher Stevens
809,Before the Summer Crowds,Mohamed Khan
810,"Behind ""The Cove"": The Quiet Japanese Speak Out",Keiko Yagi
811,Behind Enemy Lines,
812,Behind the Curtain: Todrick Hall,Katherine Fairfax Wright
813,Behind the Curve,Daniel J. Clark
814,Behind the Newsroom,
815,Behzat Ç.,
816,Beiimaan Love,Rajeev Chaudhari
817,Being AP,Anthony Wonke
818,Being Elmo: A Puppeteer's Journey,Constance Marks
819,Being Mary Jane: The Series,
820,Being Mrs Elliot,Omoni Oboli
821,Being Napoleon,"Jesse Handsher, Olivier Roland"
822,Beirut Oh Beirut,Maroun Baghdadi
823,Belgica,"Felix Van Groeningen, Felix van Groeningen"
824,Belief: The Possession of Janet Moses,David Stubbs
825,Bella and the Bulldogs,
826,Belmonte,Federico Veiroj
827,Below Her Mouth,April Mullen
828,Ben & Holly's Little Kingdom,
829,Ben 10,
830,Ben Platt Live from Radio City Music Hall,"Alex Timbers, Sam Wrench"
831,Benchwarmers 2: Breaking Balls,Jon Rosenbaum
832,Bending the Arc,"Kief Davidson, Pedro Kos"
833,Beneath the Leaves,Adam Marino
834,Benji,Brandon Camp
835,Benji: Off the Leash,Joe Camp
836,Benji's Very Own Christmas Story,Joe Camp
837,Bennett's War,Alex Ranarivelo
838,Berlin Calling,Hannes Stöhr
839,Berlin Kaplani,Hakan Algül
840,Berlin Syndrome,Cate Shortland
841,"Berlin, Berlin: Lolle on the Run",Franziska Meyer Price
842,"Berlin, I Love You",
843,Berserk: The Golden Age Arc I - The Egg of the King,Toshiyuki Kubooka
844,Berserk: The Golden Age Arc II - The Battle for Doldrey,Toshiyuki Kubooka
845,Berserk: The Golden Age Arc III - The Advent,Toshiyuki Kubooka
846,Bert Kreischer: Hey Big Boy,Jeff Tomsic
847,Bert Kreischer: Secret Time,Todd Biermann
848,Bert Kreischer: The Machine,Ryan Polito
849,Best Leftovers Ever!,
850,Best Lover,
851,Best Neighbors,Tamer Bassiouni
852,Best of Stand-Up 2020,
853,"Best Wishes, Warmest Regards: A Schitt's Creek Farewell",Amy Segal
854,Best Worst Thing That Ever Could Have Happened,Lonny Price
855,Best.Worst.Weekend.Ever.,
856,Betaal,
857,Bethany Hamilton: Unstoppable,Aaron Lieber
858,Better Call Saul,
859,Better Than Us,
860,Betting on Zero,Ted Braun
861,Betty White: First Lady of Television,Steve Boettcher
862,Between,
863,Between Maybes,Jason Paul Laxamana
864,Between Two Ferns: The Movie,Scott Aukerman
865,Between Worlds,Maria Pulera
866,Bewafaa,Dharmesh Darshan
867,Bewildered Bolbol,Khaled Marei
868,Beyblade Burst,
869,Beyblade Burst Evolution,
870,Beyblade Burst Rise,
871,Beyblade Burst Turbo,
872,Beyblade: Metal Fusion,
873,Beynelmilel,"Muharrem Gülmez, Sırrı Süreyya Önder"
874,Beyond All Boundaries,Sushrut Jain
875,Beyond Skyline,Liam O'Donnell
876,Beyond Stranger Things,
877,Beyond the Boundary: ICC Women's T20 World Cup Australia 2020,Anna Stone
878,Beyond the Clouds,Majid Majidi
879,Bh Se Bhade,
880,Bhaag Beanie Bhaag,
881,Bhaage Re Mann,
882,Bhagam Bhag,Priyadarshan
883,Bhai: Vyakti Ki Valli - Poorvardha,Mahesh Manjrekar
884,Bhai: Vyakti Ki Valli - Uttarardh,Mahesh Manjrekar
885,Bhaji In Problem,Smeep Kang
886,Bhangra Paa Le,Sneha Taurani
887,Bhasmasur,Nishil Sheth
888,Bhavesh Joshi Superhero,Vikramaditya Motwane
889,Bheemayan,Rajiv Chilaka
890,Bheeshma,Venky Kudumula
891,Bhool Bhulaiyaa,Priyadarshan
892,Bhoot,Ram Gopal Varma
893,Bhouri,Jasbir Bijendra Bhati
894,Bibi & Tina,Detlev Buck
895,Bibi & Tina II,Detlev Buck
896,Bibi & Tina: Girls Versus Boys,Detlev Buck
897,Bibi & Tina: Tohuwabohu Total,Detlev Buck
898,Bibik-Bibikku,
899,Big Bad Beetleborgs,
